,comments,label
1,헐 대박,
2,123457,
3,통신사 의견인데 기사는 무슨 애플 탓인마냥 ㅋㅋ,
4,와 옛날 폴더폰 감성이네요ㅋㅋㅋㅋㅋㅋ 추억돋는다 뭔가 보라색 예쁜듯,
5,그래도 갖고 싶어요 넘 예뻐ㅜㅜ,
6,와 노래 저렇게 표시되능거 너무 예뻐요....,
7,ㅋㅋㅋㅋㅋㅋㅋㅋㅋ,
8,ㅋㅋㅋㅋㅋㅋㅋㅋㅋㅋㅋㅋㅋㅋㅋ드립인갘ㅋㅋㅋㅋㅋㅋㅋㅋㅋㅋㅋ,
9,그 시절부터 지금까지 논란 한 번 없던 것이 제일 멋진 것 같아요...,
10,카메라 기능을 얼마나 좋게 했길래 근데 케이스 끼고 다니는 사람이면 신경 안쓸듯,
11,"완전 똑같게는 안될 것 같긴한데, 일단 인식할 수 있게 만들고 그걸 적용시킨게 진짜 ㅜㅜ 너무 좋네요...",
12,그냥 쓰던 폰 써야겠네요,
13,"워호오ㅜㅜㅠ 이번에 갤럭시노트20 디자인 보고 갈아타야겠구나 했는데 이번에 fe 모델 진짜 기깔나게 뽑아놔서 엉엉 약정 끝날때까지 이런 디자인, 스펙 유지하면 또 갤럭시 할 것 같아요ㅠㅠㅜㅠㅠ 아이폰 카메라 세개 뇌이징 당한 상태라 넘어갈까봐 무서워여ㅠㅠㅠㅠㅠㅠ 갤럭시 제발 fe에서 뒷면 유리로.. 제발...제발..... 그리고 버즈라이브 노캔 신경 좀만 더 써줘 제발.... 데발....... 에어팟프로 사고 싶지 않아ㅠㅠㅠㅠㅠㅠㅠㅠ",
14,어라 인트로 유튜버 잇섭...?,
15,ㅋㅋㅋㅋㅋㅋㅋㅋㅋㅋㅋㅋㅋㅋㅋㅋㅋㅋㅋㅋㅋㅋㅋㅋㅋㅋㅋㅋㅋㅋㅋㅋㅋ,
16,"나오기만 해봐.. 아주 그냥 내가 당장 개통해서 내 것으로 만들어버릴 테니까,,,",
17,팀에게,
18,삼성페이 넘 좋아요! 그래서 지갑을 안 들고 댕긴다는ㅋㅋ,
19,와 알칸타라 같은 것보다 훨씬 낫네요,
20,방금 떠서 뭐야 했는데... 별 거 아니길ㅜㅜ,
21,와 1억 800만 화소..,
22,(내용 없이 첨부한 댓글),
23,아 감사합니다!!,
24,ㅋㅋㅋㅋㅋㅋㅋㅋㅋㅋㅋㅋㅋㅋㅋㅋ전 개인적으로 노트5 디자인 좋아했어유 내 마지막 갤럭시폰...,
25,"갠적으로 젤 이쁜건 노트8이라 생각해요,,, 뒷면도 깔끔하구요,, 노트9는 지문인식 위치 바껴서 못생겨보임",
26,˗ˋˏ 와 ˎˊ˗  화이트 너무 예쁘다 브론즈도 괜찮은데 가격 안 괜찮을 것 같은 늭김,
27,실물 기대되네요,
28,필름 붙이면 손톱자국은 안 나려나요?,
29,"스엠 얼굴보고 뽑는데도 소속가수들 전부 실력 엄청난거 증말 대단하네여,,",
30,12 나오는거 보고요...,
31,폰을 접는다기보다 태블릿을 접어다닐 수 있게됐다고 생각하면 편해요’^’// 확실히 게임할때나 영상 볼 때 너무 편리ㅜㅜ,
32,222,
33,글쎄요 ㅋㅋㅋㅋㅋㅋㅋㅋㅋㅋㅋㅋㅋㅋㅋㅋㅋㅋㅋㅋㅋㅋㅋㅋㅋㅋㅋㅋㅋㅋㅋㅋㅋㅋㅋㅋㅋㅋㅋㅋㅋㅋㅋㅋㅋㅋㅋㅋㅋㅋㅋㅋㅋㅋㅋㅋㅋㅋㅋㅋㅋ,
34,😮,
35,그냥 안드로이드가 별로에요.. 삼성+ios면 바로 샀을듯,
36,기사를 본 입장에서 왜 그렇게 느끼셨나 궁금합니다!,
37,삼성페이 절대 못잊어 ㅎㅅㅎ,
38,ㅋㅋㅋㅋㅋㅋㅋㅋㅋㅋㅋㅋㅋㅋㅋㅋㅋㅋㅋㅋㅋㅋㅋㅋㅋㅋㅋㅋㅋㅋㅋㅋㅋ,
39,예뻐서 보자마자 바꿨어요ㅜㅜ,
40,샘송 보라색 기대해도 되는 겁니까....????,
41,갤럭시 최고인데.. 삼성페이도 최고 교통카드도 됨ㅠ,
42,버즈 산지 이제 2달 됐는데,
43,ㅠㅠㅠㅠㅜ 지금 제 갤10 형광핑크는 핵별론디 ㅠㅠㅠㅠ,
44,우와,
45,헉 짱이쁘다 폴더폰 같다,
46,s10 시리즈 좋았잖악!!!,
47,그래서 삼성폰 안써요 ㅠㅠ노트 쓸 때도 폰 반절이 핑크색이였음,
48,Mp3같다,
49,화질 별로라 했는데 생각보다 괜찮네용,
50,와 보라색 사이에 검정색 간지다,
51,네네! 그래서 번인보정 프로그램 1차로 하고 그래도 안되면 액정교체 해주더라고요..! 글고 진짜 완전 수리기사 맘이라 쉽게 교체받은 사람도 있고 정말 안해주는 사람도 있더라구욬ㅋㅋㅋㅋ,
52,삼성은 이통사의 의견을 이미 반영해서 플래그쉽은 전부다 5g인데 애플이 4g내면 경쟁이 안되서 당연하다고 생각해요,
53,짱귀엽다.....,
54,ㅋㅋㅋㅋㅋㅋㅋㅋㅋㅋㅋㅋㅋㅋㅋㅋㅋㅋㅋㅋㅋ,
55,김천 국그릇ㅋㅋㅋㅋㅋㅋㅋㅋㅋㅋㅋㅋㅋㅋㅋㅋㅋㅋㅋㅋㅋ,
56,갤럭시긴한테 엣지 제외,
57,버즈최고..갓버즈...,
58,실물 짱예 ㅜㅜ 특히 블루컬러 너무 잘 뽑았더라고요 그냥 노트20은 카툭튀도 s20 정도예요,
59,외계인....,
60,??으디가 갤럭시가 멸망이여? 뭔 의도여..,
61,378,
62,말씀하신 건 폴드가 아니라 플립입니다,
63,엔드게임ㅠㅠㅠㅠㅠㅠㅠㅠ최고였음,
64,앜ㅋㅋㅋㅋㅋㅋㅋㅋㅋㅋ자랑중ㅋㅋㅋㅋㅋㅋㅋ,
65,"이게 원래 안됐었어요..,?다되는건줄...",
66,앜ㅋㅋㅋㅋㅋㅋㅋㅋㅋㅋㅋㅋㅋㅋㅋㅋㅋㅋㅋㅋㅋㅋㅋ진짴ㅋㅋㅋㅋㅋㅋㅋㅋㅋㅋㅋㅋㅋㅋㅋㅋㅋㅋㅋㅋㅋㅋㅋㅋㅋㅋㅋㅋㅋㅋㅋㅋㅋㅋㅋㅋㅋㅋㅋㅋㅋㅋㅋㅋㅋㅋ,
67,ㅋㅋㅋㅋㅋㅋㅋㅌ,
68,도대체 이유가 무야,
69,"중간에 꺾이는 부분 필름 안 일어나나욤.,..? 갖고싶은데 그부분땜에ㅜㅜ",
70,진짜 예뿐데... 방수랑 액정 내구도 땜에 포기하고 s20 왓어요ㅠㅜ 스트랩 달 수 잇는 케이스 마니 나왓으면...,
71,저는 잘 모르겠어요 아이폰X보다 덜하고 선명해요 방금 찍은 겁니당,
72,어제 실버 배송왔는데.............😭😭,
73,아이폰도 털려요... 외국 배우들 엄청 털렸죠.. 그냥.. 뭘 저장 안해야 할 것 같아요 ㅠㅠ,
74,이틀만에 푹 빠져서 다 봤네요ㅋㅋ 무서운 장면들은 공포영화 뺨치게 무서워서 흐린 눈으로 봤어욬ㅋㅋㅋ,
75,오 그런가요 그런 시간 있으면 유용하게 쓰이겠군요!,
76,크 아쉽네요 아직 외계인 거기까지 쥐어짜내진 못했구나,
77,1010,
78,버즈 자꾸 귀에서 빠져서 별로에요ㅠㅠㅠㅠㅠㅠㅠ,
79,플립은 저렇게 자그맣게 시간 뜨는 게 예쁜 거 같아요,
80,SKT도 됩니다. LTE 공폰이 필요하지만요,
81,이거 일본에서 백퍼 먹히겠네요..,
82,뭐야,
83,ㅋㅋㅋㅋㅋㅋ버즈케이스케이스네요ㅋㅋㅋㅋㅋㅋㅋㅋ,
84,전혀 그런거 없어용 스펙은 노트10이랑 같을거에여 셀카 너무 편하구 친구랑 영상통화도 너뮤 편해요ㅋㅋ,
85,디자인 중국폰과 구글폰 그 중간... 아니 폴더블폰은 디자인 기가 막히게 뽑으면서 일반폰은 왜그를까,
86,(본인이 직접 삭제한 댓글입니다),
87,저기다 고기구워도 되겠다,
88,아싸 이번에 살건데,
89,ㅋㅋㅋㅋㅋㅋㅋㅋㅋㅋㅋㅋㅋㅋㅋㅋㅋ근데 생각보다 실물 예쁘던데,
90,S10 오래가자...,
91,호기심에 아이폰으로 바꿨다가 약정 끝나기만을 기다립니다ㅠㅠ,
92,저걸 왜 세면대에 올려두져....,
93,"기술은 진짜 짱인데... 핸드폰은 핸드폰,,,인데 왜 자꾸 다들 폰에 카메라 기능 업그레이드 시키는지 모르겠어욬ㅋㅋㅋㅋㅋㅋㅋㅋㅠㅠ",
94,헉... 어떻게 하죠ㅠㅠㅠㅠㅠㅠㅠㅠ,
95,아...,
96,헐 나도 이거 떴었는데 눌러보고 아무것도 안뜨길래 뭐징 했는데 실검에도 들고 그랬구만,
97,오마이갓 수리센터 가기도 민망햌ㅋㅋㅋㅋㅋㅋㅋ큐ㅠㅠㅠㅠㅠㅠㅠㅠㅠㅠㅠㅠㅠㅠㅠㅠㅠㅠㅠㅠㅠㅠㅠㅠㅠㅠ,
98,노트5는 아몰레드 아니라서 번인 현상 안 생길걸요,
99,저거 그레이도 이뻐요 ㅠㅠㅠ 동생이 샀는데 고급진 그레이더라구요,
100,"사전예약 기다립니다,,,,,",
101,아 ㅋㅋㅋㅋㅋㅋㅋㅋㅋㅋㅋ,
102,아니 근데 저게 아떻게 가능하지 저 화면 켜놓고 한 이주 내버려뒀나...???,
103,와 미쳤다,
104,으앙 프로샀는딩,
105,노트도 핑크 만들어조,
106,𐌅𐨛ｦ𐌅𐨛ｦ𐌅𐨛ｦ𐌅𐨛ｦ𐌅𐨛ｦ𐌅𐨛ｦ𐌅𐨛ｦ𐌅𐨛ｦ𐌅𐨛ｦ𐌅𐨛ｦ𐌅𐨛ｦ𐌅𐨛ｦ𐌅𐨛ｦ𐌅𐨛ｦ𐌅𐨛ｦ𐌅𐨛ｦ𐌅𐨛ｦ𐌅𐨛ｦ𐌅𐨛ｦ𐌅𐨛ｦ𐌅𐨛ｦ𐌅𐨛ｦ𐌅𐨛ｦ𐌅𐨛ｦ,
107,처음에 뭔가했어요 아....,
108,뭔가 생긴거부터가 장난감같음,
109,ㅋㅋㅋㅋㅋㅋㅋㅋㅋㅋㅋㅋㅋㅋㅋㅋㅋㅋㅋㅋㅋㅋㅋㅋㅋㅋㅋㅋㅋㅋㅋㅋㅋㅋㅋㅋㅋㅋㅋㅋㅋㅋㅋㅋㅋㅋㅋㅋㅋㅋㅋㅋㅋㅋㅋㅋㅋㅋㅋㅋㅋㅋㅋㅋㅋ,
110,헐... 너무 좋아요!,
111,라온마가 그렇게 재밌나봐요....영업당함....,
112,ㅋㅋㅋㅋㅋㅋㅋㅋㅋㅋ저거 찍으면 자동으로 보정돼서 저렇게 보이는것보다 더 선명해진대요..,
113,엣지 골드 에스케이......,
114,어차피 전화 용도 아니라서 상관 없지만 디자인 예쁘면 약간 슬플 것 같은데...,
115,사과는 여전히 중간이네요ㅠㅠㅠ 그래도 나오면 바꿔야징,
116,아... 노트10을 보고 믿었건만 S시리즈에서 뒤통수를 맞을 줄이야.....,
117,노트8 바꾸고싶었는데 5G 안정되기전까지는 버텨야지,
118,똑똑하네 ㅋㅋㅋㅋㅋㅋㅋㅋㅋ,
119,저두 잉피콘이였는데... 그냥 잡는사람 맘인것같아영..,
120,❗️이통사 의견❗️ 이미 한국에서 4g 모델 안 내면 그건 이통사 입김이 클거라고 예상 많이 했었어용 요금제야 5g 모델 사서 4g 유심 끼워서 쓰면 된다지만 문제는 기기 가격이 다르니ㅠ,
121,와,
122,ㄹㅇ 갑질이네,
123,와.... 갖고 싶다 콘서트 가면 대포 부럽지 않은 시야짤 완성,
124,๑°⌓°๑ 아...브랜드,
125,노이즈 캔슬링은 절대 없을까요...?,
126,카메라가 엉망진창... 디자인이 정말 저게 최선입니까...ㅠㅠ,
127,당첨시 양도요? 당첨 아직 안 되신거??,
128,"친구랑 에어팟 프로 나눠서 꼈는데 ㄹㅇ 대박이에용 한쪽씩 꼈는데 한쪽 귀만 막히는 기분 ,,",
129,전자레인지 같은데 귀엽고 그러네옄ㅋㅋㅋㅋㅋ,
130,1억..?,
131,오 아무리봐도 블루로 안보이고 그냥 실버같은데 제가 눈이 피곤해서겠죠??,
132,그걸 왜 따라해요..... ㅠ,
133,에어팟 다시보니 선녀같네,
134,헐 넘 예쁜데,
135,펭수 빼고 다 노관심,
136,전 이제 폰 디자인 신경안쓰기로 했어요.... 못생기면 어때요 케이스로 덮어버리면 되니까요~,
137,아....7월안으로 아이폰 새로 안나오면 저거 살래요 뽐뿌지린다 진짜,
138,이동통신사 의견으로 3사 다 5G만 출시한다는게 주 내용인데 제목은 애플만 잘못하는 것 처럼 쓰여있네요,
139,오 얼말까,
140,하.. 에어팟 수명다하면 바로 버즈사야지ㅠ,
141,44444이미 구매햇지만 시리즈 나오면 계속 구매해서 쓸게요...,
142,원숭이가 드니까 되게 커보인다...ㅋㅋㅋㅋ,
143,1 2 3 4 5 6 7 8,
144,에어팟 프로와 비교했을 때 외부소리 더 잘차단되나요? 둘 중에 고민중이라서...🥺,
145,앞으로 가기도 설정 가능해요~!~!~!,
146,에바 개못생겼다,
147,엘지폰 쓸때 저랬는데 갤럭시도 저러나보네요? 갤럭시는 이번이 첨이라..,
148,오 ios 호환 떴군요,
149,아니...아니.....왜 그러세요.....왜....왜....그러시죠...?,
150,설정에 검색해보세욤!!,
151,"폰바꿔서 5g인데 지하철에선 무조건 lte그리고 솔직히 5g량 lte 속도차이도 모르겠,,걍 돈만 나가고ㅋㅋㅋㅋㅋㅋ섭스셉터에서 말하길자기들도 5g는 배터리 빨리닳는 등의 문제로lte로 바꿔놓고 쓴다곸ㅋㅋㅋㅋㅋㅋㅋ",
152,너무 이뻐요ㅠㅠㅠㅠㅠ,
153,뒤로가기랑 샘숭페이 못잃어요ㅠㅠ 아이폰 쓰면 광고 떴을때 x자 눌러야 되자나요...,
154,버즈최고..갓버즈...,
155,아근데 진심 예쁘다 사고싶다..,
156,💸,
157,ㅋㅋㅋㅋㅋㅋㅋㅋㅋㅋㅋㅋㅋㅋㅋㅋㅋㅋㅋㅋㅋ,
158,ㅋㅋㅋㄲ ㄲ ㄲㅋㅋㅋㅋㅋㄲ,
159,와 예쁘다,
160,삼성페이랑 AS나 문제있을 때 친절함이 좋아요ㅜㅜ 나한테 맞춰! 식이 아니라 유저 맘대로 하나하나 다 커스텀할 수 있는것도 좋아요,
161,걍 갤럭시요..  전에는 디자인은 아이폰이지 해서 언젠가 한번쯤은 아이폰 써보고싶다 했는데 지금은 카메라땜에 갤럭시나 아이폰이나 몬생기거 똑같아진 마당이라 걍 편한게 최고다 이 마인드입니다 ㅋㅋㅋㅋㅜㅜ,
162,ㅋㅋㅋㅋㅋㅋㅋㅋㅋㅋㅋㅋㅋㅋㅋㅋㅋㅋㅋㅋㅋㅋㅋㅋㅋㅋㅋㅋㅋㅋㅋㅋ,
163,어휴 프로 떨굼러는 꿈도 안 꿉니당,
164,"하지만 너무 예쁘잖아여,,,",
165,다음 폰은... 뭘로 바꾼담...,
166,흑당이랑 전동킥보드 빼고 다...,
167,넴 번인현상 자체가 OLED 문제라서 LCD는 괜찮습니당,
168,노트텐 만들던 기억으로 삼성ㅠㅠㅠㅠㅠㅠ 뭔가 항상 변화 있는건 좋은데 엉엉ㅠㅠㅠ 모르겠다 21예정은 묘하게 자꾸보면 정들거같기도하고...,
169,오늘 예약하고 왔어요! ㅎㅎ 월요일에 받으러 갑니당,
170,3578,
171,이거진짜 인생작....너무 재밌어요,
172,번인이라는 거 처음 알았네요...,
173,그런데 버즈케이스 끼울 때 양면테이프 필요한가요?,
174,네?? 지금 딱 폰 바꿀 시긴데 12 나온대서 11 안사고 있었는데 ㅜㅜ 뭐에유 나한테 왜그래유ㅠㅠㅠㅠㅠ그냥 바꿔야되나ㅠㅠㅠㅠㅠㅠㅠㅠ,
175,넹!!,
176,"폰 두 달 전에 바꿨는데 저거 먼저 나왔으면 저거 했을텐데 ,,, 하 진짜 지금 바꾸고 싶다 ㅠㅠㅠ",
177,ㅋㅋㅋㅋㅋㅋㅋ저런거 따라하지 말라구,
178,갤럭시 맞아요 S6인가 S7때 인터넷 아이콘이 저랬습니다,
179,프로 최고 프로없인 못살아,
180,겁예인데ㅜㅜㅜ메탈이 신의한수,
181,5G 쓰고 있지만...속도감 다른 거 못 느껴요..ㅠㅠ,
182,오오 갤럭시 S10 * 830-50 왓다갓다 하네용 ㅎㅎㅎㅎㅎㅎㅎㅎㅎㅎㅎㅎㅎㅎㅎㅎㅎㅎㅎ,
183,에엥 저 갤노트인데 저렇게 작게 안 들어가요... 어떻게 한 거지?,
184,헐 저도떠서 눌렀는데 아무것도안떠서 뭐지..했는데,
185,근데 증사는 포토샵 많이 하지 않나요? 저만 해도 증사만 보면ㅋㅋㅋㅋㅋ... 포토샵 어캐 거를려고,
186,다 빼라 다 빼 이럴거면 핸드폰도 빼,
187,절대 lte가 5g보다 더 비쌀수없습니다,
188,"기술은 진짜 짱인데... 핸드폰은 핸드폰,,,인데 왜 자꾸 다들 폰에 카메라 기능 업그레이드 시키는지 모르겠어욬ㅋㅋㅋㅋㅋㅋㅋㅋㅠㅠ",
189,네?ㅋㅋㅋㅋㅋㅋㅋㅋㅋㅋㅋㅋㅋㅋ,
190,루머면 루먼데 이게 루머가 아니고 사실이면 삼성은 외계인을 데려와 고문하는게 아니고 외계인을 양육하는겁니다,
191,아이폰레드 쓰는데 버플레드가 너무 예뻐서 구매했슴돠🙋‍♀️ 레드도 예뻐요 여러분쓰!!!!! ㅠㅠㅠ,
192,헉ㅋㅋㅋㅋㅋ 저 지금 그래욬ㅋㅋㅋㅋ,
193,ㅋㅋㅋㅋㅋㅋㅋㅋㅋㅋ자랑중이랰ㅋㅋㅋㅋㅋ.,
194,ㅋㅌㅋㅋㅋㅋㅋㅋㅋ 자랑중ㅋㅋ,
195,노래 블루밍이 생각나는 이름이네요,
196,버즈는 애초에 외부소음 잘 안들리긴 합니다! 물론 기능있는거랑은 차이가있겠지만,
197,ouɐɹʎɥʍ...ouɐɹʎɥʍ...ouɐɹʎɥʍ...,
198,힌지 부분 때문에 방수가 안 된대요 하나도 안 된다고 하니까 참고하시길,
199,와ㅋㅋㅋㅋㅋㅋ한국 소비자를 호구로 보네..,
200,헐 너무 예버,
201,갤럭신데 꽁기하지도 않고 암생각없는디,
202,헐ㅋㅋ 케이스 팔아줬으면 ㅠㅠ,
203,오우........,
204,헐 이때까지 이런거 안 갖고 싶었는데 이건 진짜 이뿌다,
205,2250에서 왔다갔다하네요 물고기 징그러,
206,구려ㅜㅜ,
207,v30 쓰면서 발열이나 잔상남는 거 하나도 없었는데 갤럭시는 저렇게 심하구나..,
208,이 광고때문에 핸드폰 바꾸고 싶어요ㅜㅜ~~~,
209,아아ㅠㅠ 감사합니다!!,
210,으어 어렵당,
211,후면에서 전면 전환할때 딜레이는 좀 있겠네요,
212,ㅓ헐 ::ㅋㅋ,
213,친구가 위에 필름 붙인거 써봤는데 손톱으로 기스는 잘 안난대용,
214,ㅋㅋㅋㅋㅋㅋㅋㅋㅋㅋ대박ㅋㅋㅋㅋ,
215,22 색감이 예뻐요,
216,저건 진짜 배경 절대 못 바꿀... 핸드폰이네요...;,
217,물론  LCD계열인 xr 이나 11사면 되는데 걔내는 화면해상도가 720 hd 급이라...OLED 쓰긴 하지만 최신 기종들이라면 어느정도 안심할 수 있을거에요.애플이나 삼성이나 번인생긴걸 자체적으로 보정을 한다고 추측을 하고 있어서요.https://meeco.kr/ITplus/27937266,
218,88 이건뭐지하고 없앴는데...,
219,ㅠㅠㅠㅠ가고싶어요,
220,사진에있는 글씨 번역해주는거면 빅스비 비전으로 하시면 됩니당!,
221,💯,
222,ㅋㅋㅋㅋㅋㅋㅋㅋㅋㅋㅋㅋㅋㅋ궁금해서들오와봤더닠ㅋㅋㅋㅋㅋㅋㅋㅋㅋㅋㅋㅋㅋ,
223,기본스킨이죠,
224,오....데엠......🤭,
225,진짜 인생드라마..,
226,와 게임 네 개...,
227,바탕화면 빼면 90년대 감성아닌가유,
228,오,
229,헐 빨간색 마이마이 예뿌다,
230,핑크ㅠㅠㅠㅠ,
231,네?? 지금 딱 폰 바꿀 시긴데 12 나온대서 11 안사고 있었는데 ㅜㅜ 뭐에유 나한테 왜그래유ㅠㅠㅠㅠㅠ그냥 바꿔야되나ㅠㅠㅠㅠㅠㅠㅠㅠ,
232,다크모드 쓰세요,
233,"호엥 그렇군요,,",
234,5G 쓰고 있지만...속도감 다른 거 못 느껴요..ㅠㅠ,
235,천잰가봐...,
236,헐 너무 무섭다..,
237,아... 노트10을 보고 믿었건만 S시리즈에서 뒤통수를 맞을 줄이야.....,
238,아 사고싶다,
239,사진은 이전 모델 같은데 이번에도 콜라보 하나 보네요,
240,ㅋㅋㅋㅋㅋㅋㅋㅋㅋㅋㅋㅋㅋㅋㅋㅋㅋㅋㅋㅋㅋㅋ,
241,안 사라져요... ㅠㅠ,
242,(본인이 직접 삭제한 댓글입니다),
243,"ㅎㅎㅎㅎ 맞아요ㅠ 이번에 2는 무게가 덜 나가지 않을까요? 폴드1 처음나왔을때 바꾸려고 했는데 어머니가 진짜 별로라고 그냥 휴대폰 두개 들고다니는거라고 하시면서 반대하더라구요 ㅋㅋㅋㅋㅋㅋ 어머니가 무게에 대한 얘기 안하셨지만 1보다는 엄청 좋다고 하시던데 무게가 더 가벼워졌으면 ,,, ㅠㅠ",
244,플립 뽐뿌 온다.....,
245,뭐얔ㅋㅋㅋㅋㅋㅋㅋㅋㅋㅋㅋㅋㅋㅋㅋ,
246,와 이번에 노트로 바꿨는데 카메라만 가지고싶다,
247,?????????????????!,
248,2 저도 샤워할때 다른폰으로 노래 들어요ㅠㅠ,
249,헐 예뻐,
250,라온마 보고 얼마동안 삐소리 환청처럼 들림 ㅠㅠ,
251,👏,
252,삼성 요즘에 하는 짓 참 대단함 👍🏻,
253,2만원에 살 수 있는데 버즈 1세대가 있어서 고민...ㅠㅡㅠ,
254,ㅜㅜ웨요?! 5g요금제비싸요ㅠ,
255,아 노트9 다시 살까..,
256,김밥천국 가고싶다,
257,진짜 라디오 기능도 되는건가요?,
258,앜ㅋㅋㅋㅋㅋㅋㅋㅋㅋㅋ귀엽닼ㅋㅋㅋㅋㅋㅋㅋㅋㅋㅋㅋ,
259,젛긴하네,
260,ㅋㅋㅋㅋㅋㅋㅋ,
261,헐,
262,2478,
263,ㅋㅋㅋㅋㅋㅋㅋㅋㅋㅋㅋㅋ,
264,아이 색 별로에요오,
265,노트9   좋아요.  아무래도  전 삼성에서  못옮길꺼 같아요.ㅋㅋ빅스비 삼성페이 s펜 캡쳐화면웹페이지 이동  앺페어  가  삶의 질을 너무 올려 놨어요.게다가  520기가...사진 영상 미친듯이 다운 받아도  버벅 거림 없고..좋아요ㅋㅋ,
266,버티길 잘했다..ㅠㅜ,
267,애니콜은 진짜ㅋㅋㅋㅋㅋㅋ 이효리도 이효리지만 삼성이 마케팅도 잘했어요 광고가 핸드폰 광고 같지 않고 이효리랑 시너지 제대로였죠,
268,5G 싫은데... 8ㅅ8,
269,할 미쳣다,
270,다음은 삼성폰....,
271,인포 반말안돼용,
272,이쁘긴 진짜 드릅게 이쁘네ㅜㅜ,
273,톰브라운 에디션 너무 이쁘던데...,
274,저게 가능한가여??? 배경화면으로 해둔건가 진짜....????? 아님 같은걸 여러번 본건감??,
275,아 사고싶다......,
276,ottogi,
277,카툭튀ㅇㅈ... 미치도록 사고싶다아니 폰 바꾸고 싶은데 폰이 너무 멀쩡해요....ㅠㅠ 흑흑 확 던져버릴까,
278,헐 이뻐,
279,ㅋㅋㅋㅋㅋㅋㅋㅋㅋㅋㅋㅋㅋㅋㅋㅋㅋㅋㅋㅋㅋㅋㅋㅋㅋㅋㅋㅋ,
280,"아무리 소비자 과실 이라고 해도 첨부터 삼성측에서 알려줬으면 했는 아쉬움이 있네요 뭐 물론 자기회사 제품 단점 대대적으로 알릴 회사도 별로 없겠지만,,,",
281,아 이거 예전에 엘지폰 쓸 때 너무 스트레스라 다신 안 쓰겠다고 다짐하고 아이폰으로 갈아탔는데...일단 2년 다 돼가고 있는데 번인현상은 아직 안 나타나서 좋아요,
282,22,
283,앗 그래요?? 어떤 기능인가요??? 저도 써보고 싶어요!,
284,에이블리에서 샀어요!,
285,버즈는 블루 썼어서 플러스는 화이트로 했는데 화이트가 깔끔하니 좋더라구용,
286,디자인+색... 너무 구려요,
287,22222 애플이 아니라 통신사 때문입니다,
288,와 대박,
289,매년 나오죵 상반기에 S시리즈 하반기 노트시리즈가 나옵니다,
290,하 뒷면 갈수록...,
291,ㅋㅋㅋㅋㅋㅋ김밥천국 에디션ㅋㅋㅋㅋㅋㅋ,
292,웃겨야 드립인데 저게 웃긴가요? 웃음포인트가전혀 없는데 가사에 에어드롭이 들어갘ㅋㅋㅋㅋㅋㅋ 엌ㅋㅋㅋㅋㅋㅋㅋㅋㅋㅋㅋㅋㅋㅋㅋ 갤럭시ㅜ유저들 꽁기!!!ㅋㅋㅋㅋㅋㅋ,
293,링딩동,
294,오우... 근데 카드케이스 씌우면 잘 안보이긴하더라고요... 저는 카드폰케 필수라다행,
295,"저 님처럼 노트3부터 노트길만 걷고 지금 노트9인데 저는 아이폰프로12 기다려요.. 중간중간 아이폰을 써보고 싶기도 했는데, 갤럭시 세로로 넘 길어지고 카메라 많아질거면 차라리 아이폰 렌즈배치가 더 나은 것 같아서요",
296,유...선....쵝오...,
297,뭔가 귀욥....😯,
298,😮,
299,진심... ㅋ 당황스러울정도로 큽니다,
300,"제트플립사면서 받은 버즈+ 99000원쿠폰은 아깝고,, 블루는 제스타일 아니라서 어머니드렸는데 색 되게 마음에 들어하시더라구여 뿌듯",
301,하 ㅠㅠ 제발 저 디자인 재발매 했으면,
302,12랑 노트20중에 고민해봐야지....,
303,우리누나가 올리브영에서 이어팟 짝퉁을 샀는데... 저 상황이에요ㅠㅠ 웃픔,
304,두뇌풀가동 지려따링,
305,왜 굳이 12만 LGD로 한건가요? 따로 이유가 있나..,
306,..뭐래...ㅋㅋ,
307,11,
308,충전기는 ㄱㅊ은데 이어퐄 단자 다시 생겼나요???,
309,😂,
310,😥,
311,4s 사용했었는데 진짜 예뻐요ㅠㅠㅠㅠㅠ 아이폰 모든 시리즈 통틀어서 제일 예뻐요ㅠㅠㅠ,
312,22,
313,홈버튼 못 잃어.. 노치 시렁.. 8플로 버티는 중입니닷,
314,151515 저만 그런게 아니었군여 ㅋㅋㅋㅋ,
315,역시 장비가 아니라 손이 문제군용~,
316,ㅋㅋㅋㅋㅋㅋㅋㅋㅋㅋㅋㅋㅋㅋㅋㅋㅋㅋㅋ,
317,저렇게해도 안되던데ㅠㅠㅠ,
318,아이폰 처음 사려고 하는데 다른거 너무 비싸서 고민이면 이거 사도 괜찮을까요?? 사실 기능 알못,
319,솔직히 가벼운 거 빼고 장점 모르겟어여ㅠㅠ 겉도 너무 플라스틱? 느낌나고ㅠㅠㅠ 맥이랑 그램 같이써서 더 그렇기 느낄 수도..ㅠㅠㅠ,
320,잘 깨질듯,
321,노치 있다던데용,
322,엥5우와6진짜7되네,
323,로고 위치 가운데로 내려간 거 빼고 8이랑 똑같은 거 같은데요...,
324,저런 거 애플 이어폰 짝퉁으로더 있어요 저희 매장에 팔아요,
325,레드!!!!!!,
326,제 발 엣지좀 빼ㅐㅏ애ㅐㅐㅐ!!!!!,
327,보라색 완전 예뻐요~!~!,
328,살 핸드폰이 없네여...,
329,그때는 다들 마스크 하는 분위기도 아니라 진짜 주위에 너도나도 다 걸렸었어요 ㅋㅋㅋ,
330,삼페 최고근데 아이폰을 안써봐서 비교는 못하겠네요,
331,저는 카메라가 화면이랑 키보드 사이에 있는것도 단점같아요ㅠㅠㅠㅠ요즘 줌쓰면서 몸소 느낍니다...,
332,"아 안돼 이러지마ㅠㅠ s20 건너뛰었단 말이에요ㅠㅠ s8이나 s10때가 좋았는데,,,ㅠㅠ",
333,2222 카드는 들고 다니는 거 좋아해서(?) 통화녹음 ㅈㅂㅈㅂ!!!,
334,지금 가는 중!,
335,갤럭시에서 잘 쓰는 기능들 아이폰엔 없어서 너무 불편함 덕질은 갤럭시... 그리고 as 어려움 사진도 요새는 실력차이일 정도라 갈아탈 이유 0 근데 애플 디자인은 예뻐서 돈만 있음 세컨드폰으로 갖고싶긴함,
336,인덕션은 별루지만 퍼플 색감 넘 옙허요 ㅠㅁㅠ,
337,ㅋㅋㅋㅋㅋㅋㅋㅋ,
338,사과는 여전히 중간이네요ㅠㅠㅠ 그래도 나오면 바꿔야징,
339,222,
340,오 귀찮아서 결국 등록 안할 것 같아욬ㅋㅋㅋㅋㅋㅋㅋㅠㅠ,
341,오 예쁘네요,
342,5g여도 자급제로쓰면 4g로 가능해요!!,
343,어... 사양이 참... 하...,
344,12는 언제 나오나요...,
345,엣지... 엣지때문에 강화유리 붙이다가 스피커에 접착액 들어갔어요 ㅋㅋㅋㅋㅋ ㅠㅠㅠㅠㅠㅠ,
346,화면 녹화하면 전화 음성은 안담기던데 이제는 화면 녹화로도 음성 담기나요ㅠㅠㅠ,
347,🤔,
348,유무선 이어폰의 단점만 모아놓은 블투 같은뎈ㅋㅋㅋㅋㅋ,
349,오 숫자 멀랐다 5788편하둔,
350,ㅋㅋㅋㅋㅋㅋㅋㅋㅋㅋㅋㅋㅋㅋㅋ이게뭐얔ㅋㅋㅋㅋㅋㅋㅋㅋㅋㅋㅋㅋㅋㅋㅋㅋㅋㅋㅋㅋㅋㅋㅋㅋㅋㅋㅋㅋㅋㅋ,
351,사진 누르면..  사진이 나와요,
352,아이폰으로 갈아탄지 2개월짼데 멀티태스킹 편한 거 인정합니다...,
353,구리다,
354,ㅋㅋㅋㅋㅋㅋㅋㅋㅋㅋㅋㅋㅋㅋㅋㅋ,
355,민트짱♥️,
356,2.....제발...,
357,444 못버려요 매트블랙 ㅠㅠㅠㅠ,
358,역시 퍼플 ^^,
359,?,
360,세상에 진짜 저런생각을 하눈 사람이 있군요...;,
361,노치 좀 어떻게 안되나...것만 아님 사고싶은데 노치땜에 못생겨서 사기 싫음...ㅠㅠ,
362,화이트 하악,
363,레드최고!!!,
364,음~ 진작에 바꾸길 잘했군요...^^노트20울트라는 그래도 예뻤는데...,
365,세상에 요즘시대에 램3기가라니요.......,
366,여기서 알고있던거 딱 하나.....5번와 저장하고 공부해야겠다..,
367,갤,
368,이러니까 제트플립이 아니라 저거 사고싶어지네...,
369,(내용 없이 첨부한 댓글),
370,카메라가 너무..실ㅇㅎ다..,
371,7 매트 블랙 케이스 벗길 때 마다 마주하고 감탄ㅎ,
372,재발 둘 다ㅜㅠ,
373,ㅇ..아이폰만 그런거였어요..??,
374,사진 누르면 사진이 나오는디요,
375,ㅋㅋㅋㅋㅋㅋㅋㅋㅋㅋㅋㅋㅋㅋㅋㅋㅋㅋ케,
376,👍,
377,엊그저께 찍은 사진입니다!,
378,ㅋㅋㅋㅋㅋㅋㅋㅋㅋㅋㅋㅋㅋㅋㅋㅋㅋㅋㅋㅋㅋㅋㅋㅋㅋ,
379,왜 자꾸 빼는건데여..,
380,까올 전 좋아요ㅠㅠㅠㅠㅠ 노치 사라지고 디자인은 좀 더 예뻐질거라는 루머가 있던데 버텨봅니다 ㅎㅎ,
381,ㅇㄴㅋㅋㅋㅋㅋㅋㅋㅋㅋㅋㅋㅋㅋㅋㅋㅋㅋㅋㅋㅋㅋㅋ,
382,와 미니 사고 싶다,
383,국내 브랜드 스마트폰은 일본 전파 세기가 센 곳이라도 한국 전파 먼저 잡는다고 나와있어요!,
384,전 아직 스그...,
385,아이폰 문제는 아닌것 같은데요........??,
386,22222 페이는 있어도 안썼어요 제발 녹음 좀....,
387,하 언제 나오지 서고싶다..,
388,무거운 거 빼고는 진짜 너무 좋아요 배터리 너무 오래가서 행복합니다,
389,갤럭시가 짱 ㅎㅎ,
390,익숙하지않고 불편한 부분이 있다해서근데 패드같은거는 아이패드가 더 좋은 것 같아요,
391,아 왜그래 나 갤럭시 쳐돌인데 제발 정신차려 갤럭시 ㅋㅋㅋㅋㅋㅋㅋㅋㅋㅋㅋㅋ,
392,"그러면 사려는 사람이 적어지지 않나 ,, 원래쓰던사람이야 그냥그냥그런데 아이폰입문하는 사람은 적어질 거 같다",
393,엥,
394,2년이면 칼같이 고장내는 제가 3년 쓰고 X로 이동했습니닿ㅎㅎ,
395,네이비 엄버하다가 폰 잃어버려서 11 사 버렸서요 흑ㅎ으윽흑...,
396,아이고 앱등아ㅋㅋㅋㅋㅋㅋㅋㅋㅋㅋㅋㅋㅋㅋㅋㅋㅋㅋㅋㅋㅋㅋㅋ,
397,배터리만 아니면 계속 쓰고 싶은데ㅜㅠ 이젠 보내줘야될거같아요 ㅠㅠ,
398,아이폰8로 기다리는 중이에요ㅠㅠ,
399,내가 기다린 se2는 아니네용ㅜㅜ 각지고 조그맣고 두껍고 귀여운 딱 그런 느낌인데 ㅠㅠ,
400,se2 지금 주문하는건 괜찮나요??ㅠㅠ,
401,22,
402,2,
403,ㅋㅋㅋㅋㅋㅋㅋㅋㅋㅋㅋㅋㅋㅋ,
404,222,
405,고무찰흙같다....,
406,둘 다 괜찮으니까 사진 폴더별로 분리되게 해줘요,
407,전 발열이요...^^,
408,아이폰 되게 어둡게 나오네요,
409,아낰ㅋㅋㅋㅋㅋㅋㅋㅋㅌㅌㅌㅋㅌㅋㅋㅋㅋㅋㅋㅋㅋㅋㅋㅋㅋㅋㅋㅋㅋㅋㅋㅋㅋㅋㅋ담빜ㅌㅌㅌㅌㅋㅋㅋㅋㅋㅋㅋㅋㅋㅋㅋㅋㅋㅋㅋㅋㅋㅋ,
410,진짜 잡스 무덤에서 환장하시것네,
411,기필코 갈아타고 만다............. 주변에서 아이폰 미치게 추천해서 반강제로 샀더니.......... 후회막심........ 역시 한국에서는 갤럭시,
412,각진거ㅠㅠ 그리워요ㅠㅠㅠㅠ 제 기준 4가 제일 이쁜거같아여..,
413,어우....,
414,보노 넘 이쁜 공식색...,
415,우오 1위 폰이네용,
416,이거 원글이 뭔지 너무궁금ㅋㅋㅋㅋ,
417,제 폰이네여..내 돈..,
418,되는데욤 ..?!,
419,666,
420,ㅋㅋㅋㅋㅋㅋㅋㅋㅋㅋㅋㅋㅋㅋㅋㅋㅋㅋㅋㅋㅋㅋㅋㅋㅋㅋㅋㅋㅋㅋㅋㅋ아,
421,노트 못 잃어....,
422,ㅋㅋㅋㅋㅋㅋㅋㅋㅋㅋㅋㅋ플디가또,
423,와 4개면 카메라 개쩔겠다 사고 싶어요ㅠㅠ,
424,뭔소리여...;,
425,패드로 카메라 찍지도 않는데 도대체 왜(keep your head down) 저러는 건지...,
426,2019 최고의 모순 아닐까요... 유선 블루투스...,
427,1,
428,선생님 제자로 받아주세요...,
429,에어4도 같이 공개되나요??!?!?!?!?,
430,지금 가는 중!,
431,몬소리지,
432,이건 아이폰11 프로...!,
433,퍼플 쓰는데 질리지가 않움,
434,22 6s 스그가 진짜 예쁜데ㅠㅠㅠㅠㅠㅠ,
435,5S!!,
436,앞에 검정 확정 땅땅인가요...ㅠ,
437,111,
438,퍼플쓰고 있는데 진짜 퍼플 부심들정도로 이쁨..,
439,레드가이뿌다,
440,"의외로 옐로우가 인기가 많구나.. 맨날 유튭이나 커뮤에 퍼플이나 화이트, 그린만 보여서 몰랐구만? 옐로우 예쁘다고 생각한 나 칭찬해. 퍼플 샀지만..ㅋㅋㅋㅋ",
441,제목보고 흥얼거리며 들어온 사람~~,
442,못생겼어요..하,
443,하.. 하지만 예쁨과 심플은 포기할 수 없어요..,
444,2222,
445,다 내맘 같진 않더라구요 증거 수집이 최선이에여,
446,네 데이터 안 켜면 긴 문자 수신발신 다 안 돼요 심지어 데이터 켜고 뒤늦게 문자 받으면 시간도 안 떠서 이 문자가 대체 언제 온 건지 알 수도 없는...,
447,유머인거 알지만 저 같아도 자식에게 경영권 주고 싶지 않을거 같아요 돈이 없는것도 아니고 힘든길을 자식에게 물려주고 싶지 않을거 같네용,
448,인트로 장인ㅋㅋㅋㅋㅋㅋㅋㅋㅋㅋ,
449,가벼운 게 장점이라 그 외 성능은 기대치를 낮춰서 그런가 발열이 가끔 심하긴 하지만 잘 쓰고 있습니다 제 주변에 무거운 노트북으로 고통받는 동기들 보면... 허허허,
450,요즘은 작은폰 최고ㅠㅠㅠㅠㅠ,
451,22222 ㅜㅜㅜㅜ,
452,이걸 보고 라벤더 신발 옷 죄다 사는중입니다..,
453,각진거ㅠㅠ 그리워요ㅠㅠㅠㅠ 제 기준 4가 제일 이쁜거같아여..,
454,배터리 오래 가나요?,
455,패드 있어서 어차피 그 충전기 쓰긴 하지만... 기본으로 넣어주는 것도 좀 바꿔줘요 ㅜ,
456,11111111111,
457,ㅋㅋㅋㅋㅋㅋㅋㅋㅋㅋㅋㅋㅋㅋ,
458,33,
459,유선 블루투스 보고 충격 받아서 몇번이고 다시 확인했네요,
460,12에서는 색감 좀 원래대로 했으면 좋겠다..ㅠㅠ,
461,아 ㅠㅠㅠㅠ  저거 진짜 좋아요,
462,배터리가 빨리 닳는건 나의 착각인가..?,
463,Xs 나와 오래 함께하자,
464,색은 원래 괜찮았죠 저 버블티 저게 문제였쥐,
465,ㅋㅋㅋㅋㅋㅋㅋㅋㅋㅋㅋㅋㅋㅋ역대급,
466,전 텐에스에서 안바꿀거에요 좋아요ㅠㅠ,
467,와,
468,너무 튼튼해서 12로 바꿔도되나 고민중,
469,ㄷ띄어쓰기하고 지우고ㄷ 한 번 더 쓰신다는건가용???,
470,설마 노치랑 베젤을 없앨리가........... 없애면 바로 삼,
471,밑에 부분이 보호가 안되어서 못쓰겠어요ㅠㅠ가죽케이스 쓰시는분들 핸드폰 떨궈도 괜찮던가요?,
472,맨날 이어폰 써서 몰랐다..,
473,저는 가벼운거에 너무 만족해서 잘 쓰는 중이에욤 근데 스피커가 중요하신 분들은 정말... 피하셔야합니다.........,
474,퍼플 화이트 진짜 예뻐,
475,맥스라서 고민되네요ㅜㅜ 텐에스면 바로 사는건데,
476,11퍼플 이틀째 예뿝니다^^,
477,⫬ㅋ⫬ㅋ⫬ㅋ⫬ㅋ⫬ㅋ⫬ㅋ⫬ㅋ⫬ㅋ⫬ㅋ⫬ㅋ⫬ㅋ⫬ㅋ⫬ㅋ⫬ㅋ⫬ㅋ⫬ㅋ⫬ㅋ⫬ㅋ⫬ㅋ⫬ㅋ⫬ㅋ⫬ㅋ⫬ㅋ⫬ㅋ⫬ㅋ⫬ㅋ⫬ㅋ⫬ㅋ⫬ㅋ⫬ㅋ⫬ㅋ⫬ㅋ⫬ㅋ⫬ㅋ⫬ㅋ⫬ㅋ⫬ㅋ⫬ㅋ⫬ㅋ⫬ㅋ⫬ㅋ⫬ㅋ,
478,1,
479,Alook이요,
480,터치 아이디 넣어주시고 노치 버려 주세요...,
481,보통 전송버튼이 ㅔ 위에 있어서 그래요,
482,마트에 장조림이나 깻잎 파는 납작한 통조림캔이 저런식으로 생겼어요 테두리가 둥그스름한 직사각형 모양이요,
483,그리고 프로모드로 사진찍으면 진짜 넘 좋아요 ㅇㅇㅇㅇㅇ,
484,추가로 본문에 올렸는데 갤럭시 S21도 유출됐어요!,
485,카메라...색...왜 그래...진짜......왜 인덕션 포기못해..? why..?? 색은 또 어ㅐ그래..????? 요즘 왜그래...??????,
486,11사고 싶어요..,
487,사이드 유광 ...케이스 안 씌우면 계속 지문 닦고 있어야 겠더라구요 ㅠ,
488,ㅋㅋㅋ앜ㅋㅋㅋㅋㅋ그런것같아요폰이폰ㅋㅌㅋ,
489,아.... 가격이 연예인들은 쓸거같아요.. 저라면 히익..!!뭔 케이스가 16만원이나 하지?이런 생각부터 들거 같네요ㅋㅋㅋㅋ,
490,ㅋㅋㅋㅋㅋㅋㅋㅋㅋㅋㅋㅋㅋㅋㅋ,
491,아 제발 따라하지 마,
492,작은거 좋아ㅠㅠ 프로 무거워서 손목아파요,
493,이거면 저 12  안합니다 ... 넘 영롱해 당장 사러 갈거얌,
494,8이에여 12기다리는 중입니다......조금만 더 힘내자 휴대폰아,
495,달러환율로 결제되는거랑 음악파일 바로 다운 못받는게 제일 불편해요 근데 갤럭시로 돌아가자니 엣지때문에 폰 박살났던거 생각나서 그러지도 못하겠는..,
496,1은 어차피 모바일 앱카드 쓰고있어서 필요없구 통화녹음좀 ㅠ ㅠ ㅠ,
497,"ㅌㅋㅋㅋㅋㅋㅋ카메라가 이렇게 하나씩 늘어나다가는 정말 버블티가 되어 버리겠네요,,,",
498,오 이쁘다 전 갠적으로 8.. 투명 로즈골드..,
499,블랙이 젤 이뻤는데ㅠ ㅠㅠㅠㅠㅠㅠ,
500,지금 가는 중!,
501,2,
502,레드 알러뷰,
503,5s... 내 인생 최고의폰...,
504,제주변엔 6s 쓰는사람 저밖에 없는데..여기엔 동지가 참 많군요😭😭👏🏻,
505,저도 주세영,
506,텐에스도 저래서 갈아타려고요 빛번짐도 심해요ㅠㅠㅠ,
507,이썰 나올때는 아마 자급제폰이 없던 시절일..껄요...?,
508,"전 무엇보다 카메라 위치요,,^^ 비대면하면서 힘들었어요ㅠㅠ 스피커도 별로에 소리가 너무 작아서 무조건 이어폰 필수입니다,,",
509,"결국 갤럭시로 넘어온 지금 갤럭시랑 아이폰을 비교해보면 아이폰 - 안되는게 너무 많음, 그대신 가진것을 완벽하게, 갤럭시 - 다 됨. 그대신 가진게 1%씩 부족함 이런느낌이에요 그래서 전 갤럭시에 만족히면서 씁니당,,",
510,1.. 갤럭시 쓸때도 통화녹음 안씀...,
511,후면은 아이폰 전면은 갤럭시가 취향... 후면 아이폰의 그 갬성..잊지못해씁니다,
512,😮,
513,이런 공구사이트 통해서 공구하는거 안전한가요ㅠㅠ??,
514,👍,
515,난레드샀징,
516,솔직히 이제 삼성-> 애플이나 애플-> 삼성 갈아타는 사람들 많이 안보여서 획기적인 정책같아요!!!,
517,실물을 보면 난 또 호로록 감기겠지...,
518,...?네?,
519,화이트 최고 아직도 못 받았지만 ^ㅡㅠ,
520,화이트ㄴㅇㄴ😎,
521,인트로맛집ㅋㅋㅋㅋㅋㅋㅋ,
522,보라가 제일 이쁜것같네요ㅠ,
523,지금 가는 중!,
524,ㅈㄱㅈ,
525,사 알못은 이것만 봐선 울트라가 거의 압승인것 같....,
526,4ㄹㅇ..,
527,제 얘기네욬ㅋㅋㅋㅋㅋㅋㅋㅋㅋㅋㅋㅋㅋㅋ,
528,헐 핑크 너무 예뻐 미쳐,
529,옐로 넘 예뻐요 ㅠㅠ,
530,🤣,
531,아이폰은 안되구남..,
532,"유플러스 제발,,,",
533,ㅋㅋㅋㅋㅋㅋㅋㅋㅋㅋㅋㅋㅋ,
534,발열이랑 스피커ㅠㅠ,
535,헉 저대로 나오면 딥블루 갑니다,
536,(본인이 직접 삭제한 댓글입니다),
537,모팸 생각하고 왔찌요~~~~,
538,갤럭시... 첫 폰 아이폰이었는데 그 이후로는 계속 노트만 쓰고 있어요 노트펜 있는거랑 실생활에 유용한 기능이 많아서 좋아용  엣지도 불호 많던데 저는 좋아해요,
539,갤럭시,
540,개인적으로 아이폰보다는 갤럭시가 더 사용하기 편하더라구요,
541,언제 출시될까요...약정 7월초에 끝나는디...,
542,저 아직 6s 써요 배터리 한번 갈긴 했지만 쓰는데 문제가 없어요,
543,4.....누가 훔쳐가서...흑흑,
544,주작이에요??? 아 저 방법을 믿는 사람은 없겠지 이뜻인가요!!,
545,건전짘ㅋㅋㅋㅋㅋㅋㅋㅋㅋㅋㅋㅋㅋ,
546,ㅋㅋㅋㅋㅋㅋㅋㅋㅋㅋㅋㅋ케 이거 그래가지구 웃다가 사레 들린 거처럼 보여요,
547,se오래가자ㅜㅜㅜ 너무 예뻐요ㅠㅠ 4년째 안질립니다ㅜㅜㅜㅜㅜ,
548,2222 저두요,
549,헐 프로도 알고싶어요,
550,🎉,
551,7 매트블랙 예뻐서 안 바꾸는 중...,
552,22222,
553,22222,
554,탈모가 사라졋군여,
555,7 매트 블랙 케이스 벗길 때 마다 마주하고 감탄ㅎ,
556,앨범에 추가 있어영,
557,222!!!지갑을 좋아해서...,
558,삼성은 더 아닌거같... 그램이 발열 심하다는데 삼성이랑 비교하느니 그램이 더 좋,
559,"와 골드 ,,",
560,사진몇장 구글저장인데.. 빼놔야지,
561,진짜 애플이 디자인이랑 색상뽑는거 하나는... 넘사벽,
562,이래도 어차피 아이폰 쓸 사람은 다 쓰니까요,
563,베젤... 너무 못생겨 보입니다 ㅠㅠ,
564,저는 2년반 쓰니까 화면은 나오는데 터치가 안되서 어쩔수없이 다른폰으로 바꿨는데....ㅜㅜ고쳐서 다시 쓰려고요 솔직히 배터리 금방 없어지는거빼고는 만족스러워서 고장날때까지 써야지 이 말 하자마자 고장나버려서 딴거로 바꿨는데 고쳐서 다시 쓰려고욬ㅋㅋㅋㅋ,
565,-111,
566,와 예쁘다... 폰이 멀쩡했으면 12 했을텐데 고장나는 바람에 11사버렸는데,
567,헉 어떻게하는건가요,
568,ㅋㅋㅋㅋㅋㅋㅋㅋㅋㅋㅋㅋㅋㅋㅋㅋㅋ케,
569,램차이 불편하죠 앱 리프레쉬가 많아요,
570,저거 없어도 안드로이드 10으로 업뎃하면 가능해욘,
571,아이폰 너무 어려워요,
572,돈 그만큼 깎으면 ㅇㅈ...,
573,예쁘다ㅜ,
574,어두워지면 화면 오른쪽 아랫부분이 분홍빛 띄는거요!,
575,시월드 당한게 많으시군여ㅜ,
576,선을 그어 주든가에게,
577,화이트 사랑해,
578,제발 카메라만 정상적으로 해주세여 ㅠㅠ 이러다가 앞은 액정이고 뒷면은 다 카메라 되겠네,
579,여러분 자급제에서 알뜰폰 요금제 쓰세요.. 정말 절약돼요,
580,폰 충전하면서 노래 들으려고 블투 이어폰 샀는데 폰 배터리 오히려 가져다 써버리네ㅋㅋㅋㅋㅋ,
581,사진 폴더도 물론 만들 수 있구요,
582,와 실행취소 짱신기하다....,
583,애플은 회사가 싫어요. 그래서 애증의 삼성폰 씁니다ㅜㅜ,
584,암생각없이 얼마전에 폰바꾸러갔다가 11 걍 검정으로 달랬는데 검정이 없어가지구 그 매장은 화이트 남은 거 있대서 화이트 샀는데 화이트가 훠너어어어ㅓㄹㄹ 예뻐여ㅠㅠㅡㅠㅠㅠㅍㅍㅍ,
585,제발 네모로 나와주세요,
586,SE 아닌가여?,
587,텐에스... 버팁니다...,
588,"카메라 다 가리는 케이스 뭐 위아래로 밀거나 해서 오픈하고 닫을 수 있는 거 나오면 그거 껴서 써야겠어요,,,내놓고 다니기엔 너무 못생겼다",
589,진짜...카메라...ㅋㅋ....제발 애플좀 따라하지말고 너만의 디자인을 가라고.............,
590,그램 3년 썼는데 소리 들을 일이 별로 없어서 스피커 안 좋은 거 첨 알았네용..그래두 가벼워서 짱짱,
591,"아니요ㅋㅋㅋㅋ!! 제가 자주 떨어뜨려서.... 무서워서 범퍼랑 젤리만 끼고 다니는 거예요,,, ᅲᅲ",
592,헉 편해서 사고 싶었는데...,
593,한국에서 젤 잘팔리는줄알았는데..,
594,"저능 1이요,,,",
595,진짠가요..?,
596,이거 진짜 재미있게 봤어요!!ㅠㅠㅠㅠ,
597,저화이트요!! 화이트 진짜 케이스 아무거나 껴도 잘어울리고 진짜 실물 갑이에요,
598,"근데 대학 다니면서 문서 과제하기는 정말 편합니다 특히 도서관, 기숙사 그 외 여기저기 옮겨다니면서 가져다니실 많으면 너무 추천드려요 무거운 노트북 들고다니는 거 생각보다 정말 에바입니다... 아 근데 설명하고 보니 비대면이네요...^^",
599,14는 6갠가,
600,ㅎㅎㅎㅎㅎㅎ홓홓ㅎㅎㅎ호,
